Círculo	Nome	Escola (Descritor)	Descrição Visual	Efeito	Aprimoramento (Exemplos)	Prompt base
1º	Armadura Arcana	Abjuração	Uma força invisível, mas tangível, envolve o alvo como uma couraça translúcida.	Garante +4 na Defesa do alvo.	+2 PM: Bônus aumenta para +6.+2 PM: Execução vira Reação.	Cria a imagem de Tormenta 20 para a Magia 'Armadura Arcana' que é do tipo 'Abjuração', do 1º círculo, com o efeito 'Uma força invisível, mas tangível, envolve o alvo como uma couraça translúcida.'. Será utilizada como imagem de fundo para ilustrar uma carta de magia. Sem textos. --ar 4:5
1º	Escudo da Fé	Abjuração (Luz)	Um símbolo sagrado ou escudo espiritual flutua à frente do alvo, bloqueando golpes.	O alvo recebe +2 de Defesa.	+2 PM: Bônus aumenta em +1.+5 PM: Duração vira um dia.	Cria a imagem de Tormenta 20 para a Magia 'Escudo da Fé' que é do tipo 'Abjuração (Luz)', do 1º círculo, com o efeito 'Um símbolo sagrado ou escudo espiritual flutua à frente do alvo, bloqueando golpes.'. Será utilizada como imagem de fundo para ilustrar uma carta de magia. Sem textos. --ar 4:5
1º	Resistência	Abjuração	Uma aura sutil fortalece a fibra física e mental do alvo contra efeitos externos.	O alvo recebe +1 em todos os testes de resistência.	+2 PM: Bônus aumenta em +1.+2 PM: Afeta alvos escolhidos.	Cria a imagem de Tormenta 20 para a Magia 'Resistência' que é do tipo 'Abjuração', do 1º círculo, com o efeito 'Uma aura sutil fortalece a fibra física e mental do alvo contra efeitos externos.'. Será utilizada como imagem de fundo para ilustrar uma carta de magia. Sem textos. --ar 4:5
1º	Santuário	Abjuração	O alvo é envolto por uma aura de paz que hesita o braço de quem tenta atacá-lo.	Inimigos devem passar em Vontade para conseguir atacar o alvo.	+2 PM: Aumenta o número de alvos.+5 PM: Duração vira um dia.	Cria a imagem de Tormenta 20 para a Magia 'Santuário' que é do tipo 'Abjuração', do 1º círculo, com o efeito 'O alvo é envolto por uma aura de paz que hesita o braço de quem tenta atacá-lo.'. Será utilizada como imagem de fundo para ilustrar uma carta de magia. Sem textos. --ar 4:5
1º	Aviso	Adivinhação	O conjurador sente um formigamento na nuca e seus sentidos se aguçam.	Você não pode ser surpreendido; +5 em Iniciativa e Percepção.	+2 PM: Bônus aumenta em +2.+2 PM: Afeta aliados escolhidos.	Cria a imagem de Tormenta 20 para a Magia 'Aviso' que é do tipo 'Adivinhação', do 1º círculo, com o efeito 'O conjurador sente um formigamento na nuca e seus sentidos se aguçam.'. Será utilizada como imagem de fundo para ilustrar uma carta de magia. Sem textos. --ar 4:5
1º	Compreensão	Adivinhação	Seus olhos brilham levemente enquanto símbolos estranhos se tornam claros em sua mente.	Você entende qualquer idioma falado ou escrito.	+2 PM: Entende linguagens de animais.+2 PM: Entende linguagens de plantas.	Cria a imagem de Tormenta 20 para a Magia 'Compreensão' que é do tipo 'Adivinhação', do 1º círculo, com o efeito 'Seus olhos brilham levemente enquanto símbolos estranhos se tornam claros em sua mente.'. Será utilizada como imagem de fundo para ilustrar uma carta de magia. Sem textos. --ar 4:5
1º	Concentração de Combate	Adivinhação	O tempo parece desacelerar enquanto você antecipa o movimento exato do oponente.	Você rola dois dados em testes de ataque e usa o melhor.	+2 PM: Duração vira a cena.+5 PM: Execução vira Ação Livre.	Cria a imagem de Tormenta 20 para a Magia 'Concentração de Combate' que é do tipo 'Adivinhação', do 1º círculo, com o efeito 'O tempo parece desacelerar enquanto você antecipa o movimento exato do oponente.'. Será utilizada como imagem de fundo para ilustrar uma carta de magia. Sem textos. --ar 4:5
1º	Detectar Magia	Adivinhação	Seus olhos percebem o fluxo de mana, revelando auras coloridas em objetos e seres.	Percebe auras mágicas em alcance curto.	+0 PM (Truque): Detecta apenas se um objeto tocado é mágico.	Cria a imagem de Tormenta 20 para a Magia 'Detectar Magia' que é do tipo 'Adivinhação', do 1º círculo, com o efeito 'Seus olhos percebem o fluxo de mana, revelando auras coloridas em objetos e seres.'. Será utilizada como imagem de fundo para ilustrar uma carta de magia. Sem textos. --ar 4:5
1º	Orientação	Adivinhação	Um sussurro místico ou um lampejo de intuição guia as mãos do alvo.	O alvo recebe +1 em um teste de perícia à escolha.	+0 PM (Truque): Bônus para uma perícia específica.	Cria a imagem de Tormenta 20 para a Magia 'Orientação' que é do tipo 'Adivinhação', do 1º círculo, com o efeito 'Um sussurro místico ou um lampejo de intuição guia as mãos do alvo.'. Será utilizada como imagem de fundo para ilustrar uma carta de magia. Sem textos. --ar 4:5
1º	Visão Mística	Adivinhação	Suas pupilas se dilatam e você enxerga o mundo através da energia pura.	Enxerga auras mágicas, vendo através de disfarces e ilusões.	+2 PM: Ganha visão no escuro.+2 PM: Vê através de escuridão mágica.	Cria a imagem de Tormenta 20 para a Magia 'Visão Mística' que é do tipo 'Adivinhação', do 1º círculo, com o efeito 'Suas pupilas se dilatam e você enxerga o mundo através da energia pura.'. Será utilizada como imagem de fundo para ilustrar uma carta de magia. Sem textos. --ar 4:5
1º	Alarme	Convocação	Um fio prateado invisível delimita uma área; ao ser cruzado, emite um som de sino.	Aviso sonoro ou mental se a área for invadida.	+2 PM: Dispara também contra teletransporte.	Cria a imagem de Tormenta 20 para a Magia 'Alarme' que é do tipo 'Convocação', do 1º círculo, com o efeito 'Um fio prateado invisível delimita uma área; ao ser cruzado, emite um som de sino.'. Será utilizada como imagem de fundo para ilustrar uma carta de magia. Sem textos. --ar 4:5
1º	Amizade Animal	Convocação	Você emite uma vibração calmante que pacifica feras selvagens.	Uma fera não treinada não ataca e se torna amigável.	+2 PM: Mais alvos.+5 PM: Duração de um dia.	Cria a imagem de Tormenta 20 para a Magia 'Amizade Animal' que é do tipo 'Convocação', do 1º círculo, com o efeito 'Você emite uma vibração calmante que pacifica feras selvagens.'. Será utilizada como imagem de fundo para ilustrar uma carta de magia. Sem textos. --ar 4:5
1º	Área Escorregadia	Convocação	O chão é subitamente coberto por uma substância viscosa e gordurosa.	Criaturas devem passar em Reflexos ou caem; terreno difícil.	+1 PM: Torna-se inflamável (dano de fogo).	Cria a imagem de Tormenta 20 para a Magia 'Área Escorregadia' que é do tipo 'Convocação', do 1º círculo, com o efeito 'O chão é subitamente coberto por uma substância viscosa e gordurosa.'. Será utilizada como imagem de fundo para ilustrar uma carta de magia. Sem textos. --ar 4:5
1º	Conjurar Monstro	Convocação	Uma fenda se abre e uma criatura pequena e mística salta para o combate.	Invoca um monstro pequeno para atacar ou flanquear.	+1 PM: Dá habilidade especial (voo, veneno).+3 PM: Invoca monstro Médio.	Cria a imagem de Tormenta 20 para a Magia 'Conjurar Monstro' que é do tipo 'Convocação', do 1º círculo, com o efeito 'Uma fenda se abre e uma criatura pequena e mística salta para o combate.'. Será utilizada como imagem de fundo para ilustrar uma carta de magia. Sem textos. --ar 4:5
1º	Névoa	Convocação	Uma bruma espessa e fria surge do nada, cobrindo tudo ao redor.	Fornece camuflagem e bloqueia a visão.	+1 PM: Vira névoa fétida (enjoo).+2 PM: Vira névoa sólida (teia).	Cria a imagem de Tormenta 20 para a Magia 'Névoa' que é do tipo 'Convocação', do 1º círculo, com o efeito 'Uma bruma espessa e fria surge do nada, cobrindo tudo ao redor.'. Será utilizada como imagem de fundo para ilustrar uma carta de magia. Sem textos. --ar 4:5
1º	Adaga Mental	Encantamento (Mental)	Um estilhaço de energia roxa cruza o ar diretamente para a têmpora do alvo.	Causa 2d6 de dano psíquico e deixa o alvo atordoado.	+2 PM: Dano aumenta em +1d6.+2 PM: Alvo fica abalado se falhar.	Cria a imagem de Tormenta 20 para a Magia 'Adaga Mental' que é do tipo 'Encantamento (Mental)', do 1º círculo, com o efeito 'Um estilhaço de energia roxa cruza o ar diretamente para a têmpora do alvo.'. Será utilizada como imagem de fundo para ilustrar uma carta de magia. Sem textos. --ar 4:5
1º	Comando	Encantamento (Mental)	Sua voz ressoa com uma autoridade que não pode ser ignorada.	Alvo deve obedecer a uma ordem de uma palavra (Pare, Venha).	+2 PM: Mais alvos.+5 PM: Ordem pode ser frase complexa.	Cria a imagem de Tormenta 20 para a Magia 'Comando' que é do tipo 'Encantamento (Mental)', do 1º círculo, com o efeito 'Sua voz ressoa com uma autoridade que não pode ser ignorada.'. Será utilizada como imagem de fundo para ilustrar uma carta de magia. Sem textos. --ar 4:5
1º	Enfeitiçar	Encantamento (Mental)	Seu rosto e voz tornam-se irresistivelmente amigáveis aos olhos do alvo.	O alvo se torna prestativo em relação a você.	+2 PM: Duração de um dia.+2 PM: Alvo não percebe o efeito após o fim.	Cria a imagem de Tormenta 20 para a Magia 'Enfeitiçar' que é do tipo 'Encantamento (Mental)', do 1º círculo, com o efeito 'Seu rosto e voz tornam-se irresistivelmente amigáveis aos olhos do alvo.'. Será utilizada como imagem de fundo para ilustrar uma carta de magia. Sem textos. --ar 4:5
1º	Hipnotizar	Encantamento (Mental)	Suas mãos traçam padrões hipnóticos no ar, prendendo o olhar das criaturas.	Deixa criaturas fascinadas (incapazes de agir).	+1 PM: Mais alvos.+2 PM: Alvos não lembram da cena.	Cria a imagem de Tormenta 20 para a Magia 'Hipnotizar' que é do tipo 'Encantamento (Mental)', do 1º círculo, com o efeito 'Suas mãos traçam padrões hipnóticos no ar, prendendo o olhar das criaturas.'. Será utilizada como imagem de fundo para ilustrar uma carta de magia. Sem textos. --ar 4:5
1º	Sono	Encantamento (Mental)	Uma poeira prateada cai sobre os olhos dos inimigos, pesando suas pálpebras.	O alvo cai em um sono profundo.	+2 PM: Afeta imunes a sono.+5 PM: Vira nuvem de sono em área.	Cria a imagem de Tormenta 20 para a Magia 'Sono' que é do tipo 'Encantamento (Mental)', do 1º círculo, com o efeito 'Uma poeira prateada cai sobre os olhos dos inimigos, pesando suas pálpebras.'. Será utilizada como imagem de fundo para ilustrar uma carta de magia. Sem textos. --ar 4:5
1º	Curar Ferimentos	Evocação (Luz)	Uma luz dourada emana de suas mãos, fechando cortes.	Restaura 2d8+2 pontos de vida.	+2 PM: Cura aumenta em +1d8+1.+5 PM: Afeta aliados em área.	Cria a imagem de Tormenta 20 para a Magia 'Curar Ferimentos' que é do tipo 'Evocação (Luz)', do 1º círculo, com o efeito 'Uma luz dourada emana de suas mãos, fechando cortes.'. Será utilizada como imagem de fundo para ilustrar uma carta de magia. Sem textos. --ar 4:5
1º	Explosão de Chamas	Evocação (Fogo)	Um cone de labaredas ruidosas irrompe das suas mãos estendidas.	Causa 2d6 de dano de fogo em cone de 6m.	+2 PM: Dano aumenta em +1d6.+2 PM: Alvos ficam em chamas.	Cria a imagem de Tormenta 20 para a Magia 'Explosão de Chamas' que é do tipo 'Evocação (Fogo)', do 1º círculo, com o efeito 'Um cone de labaredas ruidosas irrompe das suas mãos estendidas.'. Será utilizada como imagem de fundo para ilustrar uma carta de magia. Sem textos. --ar 4:5
1º	Luz	Evocação (Luz)	Um objeto tocado brilha como uma tocha, emitindo luz clara.	Ilumina um raio de 6 metros.	+0 PM (Truque): Dura apenas a cena.+1 PM: Luz cega quem olhar direto.	Cria a imagem de Tormenta 20 para a Magia 'Luz' que é do tipo 'Evocação (Luz)', do 1º círculo, com o efeito 'Um objeto tocado brilha como uma tocha, emitindo luz clara.'. Será utilizada como imagem de fundo para ilustrar uma carta de magia. Sem textos. --ar 4:5
1º	Seta Infalível de Talude	Evocação (Essência)	Dardos de energia mágica azulada atingem o alvo sem erro.	Dois dardos causam 2d4+2 de dano de essência.	+2 PM: Lança seta adicional.+2 PM: Dano vira 1d6+1 por seta.	Cria a imagem de Tormenta 20 para a Magia 'Seta Infalível de Talude' que é do tipo 'Evocação (Essência)', do 1º círculo, com o efeito 'Dardos de energia mágica azulada atingem o alvo sem erro.'. Será utilizada como imagem de fundo para ilustrar uma carta de magia. Sem textos. --ar 4:5
1º	Toque Chocante	Evocação (Eletricidade)	Faíscas azuis estalam entre seus dedos no toque ao oponente.	Causa 2d8+2 de dano elétrico.	+2 PM: Dano aumenta em +1d8+1.+2 PM: Alvo perde reações.	Cria a imagem de Tormenta 20 para a Magia 'Toque Chocante' que é do tipo 'Evocação (Eletricidade)', do 1º círculo, com o efeito 'Faíscas azuis estalam entre seus dedos no toque ao oponente.'. Será utilizada como imagem de fundo para ilustrar uma carta de magia. Sem textos. --ar 4:5
1º	Criar Ilusão	Ilusão	Você molda o ar para criar uma imagem ou som perfeitamente real.	Cria ilusão visual ou auditiva estática.	+1 PM: Inclui cheiro e temperatura.+3 PM: Ilusão móvel e sonora.	Cria a imagem de Tormenta 20 para a Magia 'Criar Ilusão' que é do tipo 'Ilusão', do 1º círculo, com o efeito 'Você molda o ar para criar uma imagem ou som perfeitamente real.'. Será utilizada como imagem de fundo para ilustrar uma carta de magia. Sem textos. --ar 4:5
1º	Disfarce Ilusório	Ilusão	Uma névoa rápida cobre seu corpo, revelando nova aparência.	Muda aparência física, roupas e equipamentos.	+2 PM: Muda categoria de tamanho visual.+5 PM: Muda voz e cheiro.	Cria a imagem de Tormenta 20 para a Magia 'Disfarce Ilusório' que é do tipo 'Ilusão', do 1º círculo, com o efeito 'Uma névoa rápida cobre seu corpo, revelando nova aparência.'. Será utilizada como imagem de fundo para ilustrar uma carta de magia. Sem textos. --ar 4:5
1º	Imagem Espelhada	Ilusão	Três cópias exatas suas aparecem, confundindo os ataques.	Cria duplicatas que dão +6 na Defesa.	+2 PM: Bônus de defesa aumenta.+5 PM: Cópias explodem ao sumir (cegueira).	Cria a imagem de Tormenta 20 para a Magia 'Imagem Espelhada' que é do tipo 'Ilusão', do 1º círculo, com o efeito 'Três cópias exatas suas aparecem, confundindo os ataques.'. Será utilizada como imagem de fundo para ilustrar uma carta de magia. Sem textos. --ar 4:5
1º	Amaldiçoar Arma	Necromancia (Trevas)	Sombras rastejam pela lâmina, deixando-a negra e gélida.	Arma causa +1d6 de dano necrótico.	+2 PM: Dano aumenta em +1d6.+5 PM: Dano cura o portador.	Cria a imagem de Tormenta 20 para a Magia 'Amaldiçoar Arma' que é do tipo 'Necromancia (Trevas)', do 1º círculo, com o efeito 'Sombras rastejam pela lâmina, deixando-a negra e gélida.'. Será utilizada como imagem de fundo para ilustrar uma carta de magia. Sem textos. --ar 4:5
1º	Infligir Ferimentos	Necromancia (Trevas)	Suas mãos tornam-se pálidas e frias; a pele do alvo murcha no toque.	Causa 2d8+2 de dano necrótico.	+2 PM: Dano aumenta em +1d8+1.+5 PM: Alvo fica fraco.	Cria a imagem de Tormenta 20 para a Magia 'Infligir Ferimentos' que é do tipo 'Necromancia (Trevas)', do 1º círculo, com o efeito 'Suas mãos tornam-se pálidas e frias; a pele do alvo murcha no toque.'. Será utilizada como imagem de fundo para ilustrar uma carta de magia. Sem textos. --ar 4:5
1º	Toque Vampírico	Necromancia (Trevas)	Uma névoa negra liga você ao alvo, drenando o brilho dos olhos dele.	Causa 2d6 dano necrótico; você cura metade do dano.	+2 PM: Dano aumenta em +1d6.+5 PM: Cura valor total do dano.	Cria a imagem de Tormenta 20 para a Magia 'Toque Vampírico' que é do tipo 'Necromancia (Trevas)', do 1º círculo, com o efeito 'Uma névoa negra liga você ao alvo, drenando o brilho dos olhos dele.'. Será utilizada como imagem de fundo para ilustrar uma carta de magia. Sem textos. --ar 4:5
1º	Alterar Tamanho	Transmutação	O corpo do alvo estica ou encolhe rapidamente com estalos ósseos.	Muda tamanho em uma categoria (Aumentar ou Reduzir).	+2 PM: Aumenta bônus de dano (Aumentar).+5 PM: Duração de um dia.	Cria a imagem de Tormenta 20 para a Magia 'Alterar Tamanho' que é do tipo 'Transmutação', do 1º círculo, com o efeito 'O corpo do alvo estica ou encolhe rapidamente com estalos ósseos.'. Será utilizada como imagem de fundo para ilustrar uma carta de magia. Sem textos. --ar 4:5
1º	Armamento da Natureza	Transmutação	Garras crescem ou sua pele torna-se áspera como casca de árvore.	Dá armas naturais (1d6 dano).	+1 PM: +1 nos ataques.+2 PM: Dano das armas aumenta.	Cria a imagem de Tormenta 20 para a Magia 'Armamento da Natureza' que é do tipo 'Transmutação', do 1º círculo, com o efeito 'Garras crescem ou sua pele torna-se áspera como casca de árvore.'. Será utilizada como imagem de fundo para ilustrar uma carta de magia. Sem textos. --ar 4:5
1º	Primor Atlético	Transmutação	Seus músculos se tensionam e seus reflexos tornam-se sobre-humanos.	+5 em Atletismo; Deslocamento +3m.	+2 PM: Bônus em Acrobacia.+2 PM: Habilidade de escalar.	Cria a imagem de Tormenta 20 para a Magia 'Primor Atlético' que é do tipo 'Transmutação', do 1º círculo, com o efeito 'Seus músculos se tensionam e seus reflexos tornam-se sobre-humanos.'. Será utilizada como imagem de fundo para ilustrar uma carta de magia. Sem textos. --ar 4:5
1º	Queda Suave	Transmutação	O corpo torna-se leve como uma pena, flutuando em direção ao solo.	Reduz velocidade de queda; evita dano de queda.	+1 PM: Afeta mais criaturas.+2 PM: Permite planar.	Cria a imagem de Tormenta 20 para a Magia 'Queda Suave' que é do tipo 'Transmutação', do 1º círculo, com o efeito 'O corpo torna-se leve como uma pena, flutuando em direção ao solo.'. Será utilizada como imagem de fundo para ilustrar uma carta de magia. Sem textos. --ar 4:5
2º	Campo de Força	Abjuração	Uma barreira hexagonal translúcida e brilhante surge instantaneamente para interceptar um golpe.	Como reação, você recebe 30 pontos de vida temporários contra um ataque.	+2 PM: Aumenta os PV temporários em +10.+2 PM: A duração muda para a cena.	Cria a imagem de Tormenta 20 para a Magia 'Campo de Força' que é do tipo 'Abjuração', do 2º círculo, com o efeito 'Uma barreira hexagonal translúcida e brilhante surge instantaneamente para interceptar um golpe.'. Será utilizada como imagem de fundo para ilustrar uma carta de magia. Sem textos. --ar 4:5
2º	Dissipar Magia	Abjuração	Um pulso de energia branca emana do conjurador, "limpando" as energias mágicas ao redor.	Encerra magias ativas em uma criatura, objeto ou área.	+4 PM: Alvos afetados perdem todos os benefícios de magias ativas.	Cria a imagem de Tormenta 20 para a Magia 'Dissipar Magia' que é do tipo 'Abjuração', do 2º círculo, com o efeito 'Um pulso de energia branca emana do conjurador, "limpando" as energias mágicas ao redor.'. Será utilizada como imagem de fundo para ilustrar uma carta de magia. Sem textos. --ar 4:5
2º	Vestimenta da Fé	Abjuração	A vestimenta ou armadura do alvo brilha com uma aura sagrada e protetora.	O alvo recebe +2 de Defesa.	+3 PM: O bônus aumenta para +5.+5 PM: A duração muda para um dia.	Cria a imagem de Tormenta 20 para a Magia 'Vestimenta da Fé' que é do tipo 'Abjuração', do 2º círculo, com o efeito 'A vestimenta ou armadura do alvo brilha com uma aura sagrada e protetora.'. Será utilizada como imagem de fundo para ilustrar uma carta de magia. Sem textos. --ar 4:5
2º	Mente Divina	Adivinhação	Os olhos do alvo brilham com uma luz azulada; sua percepção e raciocínio tornam-se aguçados.	O alvo recebe +2 em testes de Inteligência, Sabedoria ou Carisma.	+3 PM: O bônus aumenta para +5.+5 PM: A duração muda para um dia.	Cria a imagem de Tormenta 20 para a Magia 'Mente Divina' que é do tipo 'Adivinhação', do 2º círculo, com o efeito 'Os olhos do alvo brilham com uma luz azulada; sua percepção e raciocínio tornam-se aguçados.'. Será utilizada como imagem de fundo para ilustrar uma carta de magia. Sem textos. --ar 4:5
2º	Sentidos Aguçados	Adivinhação	Os sentidos do alvo são amplificados; ele consegue ouvir o bater de asas de um inseto à distância.	O alvo recebe +5 em Percepção e Iniciativa e ignora camuflagem.	+2 PM: O bônus aumenta em +2.+5 PM: A duração muda para um dia.	Cria a imagem de Tormenta 20 para a Magia 'Sentidos Aguçados' que é do tipo 'Adivinhação', do 2º círculo, com o efeito 'Os sentidos do alvo são amplificados; ele consegue ouvir o bater de asas de um inseto à distância.'. Será utilizada como imagem de fundo para ilustrar uma carta de magia. Sem textos. --ar 4:5
2º	Vidência	Adivinhação	O conjurador entra em transe enquanto uma imagem flutuante do alvo aparece à sua frente.	Você pode ver e ouvir uma criatura à distância através de um sensor invisível.	+2 PM: O sensor pode se mover pelo cenário acompanhando o alvo.	Cria a imagem de Tormenta 20 para a Magia 'Vidência' que é do tipo 'Adivinhação', do 2º círculo, com o efeito 'O conjurador entra em transe enquanto uma imagem flutuante do alvo aparece à sua frente.'. Será utilizada como imagem de fundo para ilustrar uma carta de magia. Sem textos. --ar 4:5
2º	Montaria Arcana	Convocação	Uma criatura majestosa e translúcida surge do nada para servir como cavalgadura.	Invoca um cavalo mágico (ou similar) com deslocamento de 18m.	+2 PM: A montaria pode caminhar sobre a água ou escalar superfícies.	Cria a imagem de Tormenta 20 para a Magia 'Montaria Arcana' que é do tipo 'Convocação', do 2º círculo, com o efeito 'Uma criatura majestosa e translúcida surge do nada para servir como cavalgadura.'. Será utilizada como imagem de fundo para ilustrar uma carta de magia. Sem textos. --ar 4:5
2º	Salto Dimensional	Convocação	O conjurador desaparece em um flash de luz ou fumaça e reaparece instantaneamente em outro local.	Você se teleporta para um local à vista dentro do alcance curto.	+2 PM: O alcance muda para médio.+3 PM: Você pode levar uma criatura voluntária junto.	Cria a imagem de Tormenta 20 para a Magia 'Salto Dimensional' que é do tipo 'Convocação', do 2º círculo, com o efeito 'O conjurador desaparece em um flash de luz ou fumaça e reaparece instantaneamente em outro local.'. Será utilizada como imagem de fundo para ilustrar uma carta de magia. Sem textos. --ar 4:5
2º	Oração	Encantamento	Um hino celestial ou cântico de guerra ressoa no campo de batalha, fortalecendo aliados.	Aliados recebem +2 em testes de perícia e ataques; inimigos recebem -2.	+2 PM: Os bônus e penalidades aumentam em +1/-1.	Cria a imagem de Tormenta 20 para a Magia 'Oração' que é do tipo 'Encantamento', do 2º círculo, com o efeito 'Um hino celestial ou cântico de guerra ressoa no campo de batalha, fortalecendo aliados.'. Será utilizada como imagem de fundo para ilustrar uma carta de magia. Sem textos. --ar 4:5
2º	Pânico	Encantamento (Medo)	O conjurador projeta uma aura de pavor absoluto; as sombras parecem ganhar formas aterrorizantes.	Inimigos na área devem passar em Vontade ou ficam apavorados.	+2 PM: O alvo fica paralisado de medo se falhar por 5 ou mais.	Cria a imagem de Tormenta 20 para a Magia 'Pânico' que é do tipo 'Encantamento (Medo)', do 2º círculo, com o efeito 'O conjurador projeta uma aura de pavor absoluto; as sombras parecem ganhar formas aterrorizantes.'. Será utilizada como imagem de fundo para ilustrar uma carta de magia. Sem textos. --ar 4:5
2º	Sugestão	Encantamento (Mental)	O conjurador sussurra palavras imbuídas de magia que soam como a melhor ideia do mundo para o alvo.	O alvo obedece a um comando razoável ("Vá para casa", "Solte a arma").	+5 PM: O alvo não percebe que foi influenciado após o fim da magia.	Cria a imagem de Tormenta 20 para a Magia 'Sugestão' que é do tipo 'Encantamento (Mental)', do 2º círculo, com o efeito 'O conjurador sussurra palavras imbuídas de magia que soam como a melhor ideia do mundo para o alvo.'. Será utilizada como imagem de fundo para ilustrar uma carta de magia. Sem textos. --ar 4:5
2º	Bola de Fogo	Evocação (Fogo)	Uma pequena fagulha viaja pelo ar e explode em uma imensa redoma de fogo ruginte.	Causa 6d6 de dano de fogo em uma área de 6m de raio.	+2 PM: Aumenta o dano em +2d6.+3 PM: O raio da explosão aumenta para 9 metros.	Cria a imagem de Tormenta 20 para a Magia 'Bola de Fogo' que é do tipo 'Evocação (Fogo)', do 2º círculo, com o efeito 'Uma pequena fagulha viaja pelo ar e explode em uma imensa redoma de fogo ruginte.'. Será utilizada como imagem de fundo para ilustrar uma carta de magia. Sem textos. --ar 4:5
2º	Consagrar	Evocação (Luz)	Uma área é banhada por uma luz celestial permanente; a grama cresce e o ar torna-se puro.	Criaturas de luz recebem bônus; mortos-vivos e seres das trevas sofrem penalidades.	+5 PM: Magias de cura na área são maximizadas.	Cria a imagem de Tormenta 20 para a Magia 'Consagrar' que é do tipo 'Evocação (Luz)', do 2º círculo, com o efeito 'Uma área é banhada por uma luz celestial permanente; a grama cresce e o ar torna-se puro.'. Será utilizada como imagem de fundo para ilustrar uma carta de magia. Sem textos. --ar 4:5
2º	Despedaçar	Evocação (Som)	Um som agudo e ensurdecedor vibra no ar, rachando pedras e destruindo objetos.	Causa 3d8 de dano sônico em área ou destrói um objeto inanimado.	+2 PM: Aumenta o dano em +1d8.+5 PM: Criaturas na área ficam surdas.	Cria a imagem de Tormenta 20 para a Magia 'Despedaçar' que é do tipo 'Evocação (Som)', do 2º círculo, com o efeito 'Um som agudo e ensurdecedor vibra no ar, rachando pedras e destruindo objetos.'. Será utilizada como imagem de fundo para ilustrar uma carta de magia. Sem textos. --ar 4:5
2º	Flecha Ácida	Evocação (Ácido)	Um dardo de substância verde e borbulhante atinge o alvo, corroendo carne e metal.	Causa 4d4 de dano de ácido imediato e 2d4 na rodada seguinte.	+2 PM: Aumenta o dano inicial em +2d4.	Cria a imagem de Tormenta 20 para a Magia 'Flecha Ácida' que é do tipo 'Evocação (Ácido)', do 2º círculo, com o efeito 'Um dardo de substância verde e borbulhante atinge o alvo, corroendo carne e metal.'. Será utilizada como imagem de fundo para ilustrar uma carta de magia. Sem textos. --ar 4:5
2º	Purificação	Evocação (Luz)	Uma onda de energia purificadora percorre o corpo do alvo, expulsando impurezas.	Remove condições como cego, surdo, envenenado ou paralisado.	+5 PM: Também remove doenças e maldições.	Cria a imagem de Tormenta 20 para a Magia 'Purificação' que é do tipo 'Evocação (Luz)', do 2º círculo, com o efeito 'Uma onda de energia purificadora percorre o corpo do alvo, expulsando impurezas.'. Será utilizada como imagem de fundo para ilustrar uma carta de magia. Sem textos. --ar 4:5
2º	Sopro de Gelo	Evocação (Gelo)	O conjurador exala uma nuvem de cristais de gelo e ventos polares que congelam tudo à frente.	Causa 6d6 de dano de frio em um cone de 6 metros.	+2 PM: Aumenta o dano em +2d6.+2 PM: Alvos que falham ficam lentos.	Cria a imagem de Tormenta 20 para a Magia 'Sopro de Gelo' que é do tipo 'Evocação (Gelo)', do 2º círculo, com o efeito 'O conjurador exala uma nuvem de cristais de gelo e ventos polares que congelam tudo à frente.'. Será utilizada como imagem de fundo para ilustrar uma carta de magia. Sem textos. --ar 4:5
2º	Camuflagem Ilusória	Ilusão	O alvo torna-se levemente translúcido e suas bordas parecem desfocadas, dificultando a mira.	O alvo recebe camuflagem (ataques têm 20% de chance de erro).	+2 PM: A camuflagem torna-se total (50% de chance de erro).	Cria a imagem de Tormenta 20 para a Magia 'Camuflagem Ilusória' que é do tipo 'Ilusão', do 2º círculo, com o efeito 'O alvo torna-se levemente translúcido e suas bordas parecem desfocadas, dificultando a mira.'. Será utilizada como imagem de fundo para ilustrar uma carta de magia. Sem textos. --ar 4:5
2º	Manto de Sombras	Ilusão (Trevas)	Sombras densas e fluidas envolvem o alvo, escondendo-o completamente em locais escuros.	O alvo recebe +10 em Furtividade e camuflagem em penumbra.	+5 PM: O alvo torna-se invisível enquanto estiver nas sombras.	Cria a imagem de Tormenta 20 para a Magia 'Manto de Sombras' que é do tipo 'Ilusão (Trevas)', do 2º círculo, com o efeito 'Sombras densas e fluidas envolvem o alvo, escondendo-o completamente em locais escuros.'. Será utilizada como imagem de fundo para ilustrar uma carta de magia. Sem textos. --ar 4:5
2º	Silêncio	Ilusão	Uma redoma de vácuo sonoro é criada; nenhum som sai ou entra na área.	Criaturas na área ficam imunes a dano sônico e não podem conjurar magias com voz.	+2 PM: O raio da área aumenta em +1,5m.	Cria a imagem de Tormenta 20 para a Magia 'Silêncio' que é do tipo 'Ilusão', do 2º círculo, com o efeito 'Uma redoma de vácuo sonoro é criada; nenhum som sai ou entra na área.'. Será utilizada como imagem de fundo para ilustrar uma carta de magia. Sem textos. --ar 4:5
2º	Crânio Voador de Vladislav	Necromancia	Um crânio humano envolto em chamas verdes surge e voa gargalhando contra o inimigo.	O crânio persegue um alvo e explode, causando 4d8 de dano necrótico.	+2 PM: Aumenta o dano em +1d8.+4 PM: Cria um segundo crânio.	Cria a imagem de Tormenta 20 para a Magia 'Crânio Voador de Vladislav' que é do tipo 'Necromancia', do 2º círculo, com o efeito 'Um crânio humano envolto em chamas verdes surge e voa gargalhando contra o inimigo.'. Será utilizada como imagem de fundo para ilustrar uma carta de magia. Sem textos. --ar 4:5
2º	Escuridão	Necromancia (Trevas)	Uma esfera de sombras absolutas e impenetráveis surge, engolindo toda a luz.	Cria escuridão mágica que impede a visão normal e no escuro.	+2 PM: A área aumenta em +1,5m.+5 PM: A duração muda para um dia.	Cria a imagem de Tormenta 20 para a Magia 'Escuridão' que é do tipo 'Necromancia (Trevas)', do 2º círculo, com o efeito 'Uma esfera de sombras absolutas e impenetráveis surge, engolindo toda a luz.'. Será utilizada como imagem de fundo para ilustrar uma carta de magia. Sem textos. --ar 4:5
2º	Raio de Enfraquecimento	Necromancia	Um feixe de energia cinzenta atinge o alvo, murchando seus músculos instantaneamente.	O alvo sofre -2 em testes de Força e Destreza.	+2 PM: A penalidade aumenta em -1.	Cria a imagem de Tormenta 20 para a Magia 'Raio de Enfraquecimento' que é do tipo 'Necromancia', do 2º círculo, com o efeito 'Um feixe de energia cinzenta atinge o alvo, murchando seus músculos instantaneamente.'. Será utilizada como imagem de fundo para ilustrar uma carta de magia. Sem textos. --ar 4:5
2º	Alterar-se	Transmutação	O corpo do conjurador se contorce e muda, assumindo novas feições ou membros funcionais.	Você muda sua aparência ou ganha uma habilidade (garras, nadar, etc.).	+2 PM: Você pode escolher duas habilidades em vez de uma.	Cria a imagem de Tormenta 20 para a Magia 'Alterar-se' que é do tipo 'Transmutação', do 2º círculo, com o efeito 'O corpo do conjurador se contorce e muda, assumindo novas feições ou membros funcionais.'. Será utilizada como imagem de fundo para ilustrar uma carta de magia. Sem textos. --ar 4:5
2º	Físico do Rugido	Transmutação	O corpo do alvo incha com músculos ou agilidade felina; sua presença torna-se imponente.	O alvo recebe +2 em Força, Destreza ou Constituição.	+3 PM: O bônus aumenta para +5.+5 PM: A duração muda para um dia.	Cria a imagem de Tormenta 20 para a Magia 'Físico do Rugido' que é do tipo 'Transmutação', do 2º círculo, com o efeito 'O corpo do alvo incha com músculos ou agilidade felina; sua presença torna-se imponente.'. Será utilizada como imagem de fundo para ilustrar uma carta de magia. Sem textos. --ar 4:5
2º	Velocidade	Transmutação	O tempo parece desacelerar para o alvo; ele move-se como um borrão no campo de batalha.	O alvo ganha uma ação de movimento ou padrão extra por rodada.	+5 PM: Afeta até três criaturas voluntárias.	Cria a imagem de Tormenta 20 para a Magia 'Velocidade' que é do tipo 'Transmutação', do 2º círculo, com o efeito 'O tempo parece desacelerar para o alvo; ele move-se como um borrão no campo de batalha.'. Será utilizada como imagem de fundo para ilustrar uma carta de magia. Sem textos. --ar 4:5
2º	Voo	Transmutação	O alvo torna-se leve e levita, podendo cruzar os céus livremente.	O alvo ganha deslocamento de voo de 12 metros.	+2 PM: O deslocamento de voo aumenta para 18 metros.	Cria a imagem de Tormenta 20 para a Magia 'Voo' que é do tipo 'Transmutação', do 2º círculo, com o efeito 'O alvo torna-se leve e levita, podendo cruzar os céus livremente.'. Será utilizada como imagem de fundo para ilustrar uma carta de magia. Sem textos. --ar 4:5
3º	Âncora Planar	Abjuração	Correntes de energia translúcida prendem uma criatura de outro plano à realidade atual.	Prende uma criatura extraplanar, impedindo-a de sair de uma área ou retornar ao seu plano.	+2 PM: Aumenta a duração da prisão.+5 PM: Aumenta a dificuldade do teste para escapar.	Cria a imagem de Tormenta 20 para a Magia 'Âncora Planar' que é do tipo 'Abjuração', do 3º círculo, com o efeito 'Correntes de energia translúcida prendem uma criatura de outro plano à realidade atual.'. Será utilizada como imagem de fundo para ilustrar uma carta de magia. Sem textos. --ar 4:5
3º	Anular Magia	Abjuração	Um vácuo de energia mística desfaz construções arcanas e apaga brilhos mágicos instantaneamente.	Versão poderosa de dissipar magia; pode anular magias de círculos superiores.	+4 PM: Anula todas as magias ativas em uma área de uma só vez.	Cria a imagem de Tormenta 20 para a Magia 'Anular Magia' que é do tipo 'Abjuração', do 3º círculo, com o efeito 'Um vácuo de energia mística desfaz construções arcanas e apaga brilhos mágicos instantaneamente.'. Será utilizada como imagem de fundo para ilustrar uma carta de magia. Sem textos. --ar 4:5
3º	Banimento	Convocação	Uma fenda dimensional se abre sob o alvo, sugando-o com uma força gravitacional violenta.	Envia uma criatura para seu plano de origem ou para um semiplano inofensivo.	+5 PM: Afeta duas criaturas simultaneamente.	Cria a imagem de Tormenta 20 para a Magia 'Banimento' que é do tipo 'Convocação', do 3º círculo, com o efeito 'Uma fenda dimensional se abre sob o alvo, sugando-o com uma força gravitacional violenta.'. Será utilizada como imagem de fundo para ilustrar uma carta de magia. Sem textos. --ar 4:5
3º	Coluna de Chamas	Evocação (Fogo/Luz)	Um cilindro massivo de fogo ruginte e luz branca desce dos céus, incinerando o solo.	Causa 10d6 de dano (metade fogo, metade luz) numa área de cilindro.	+2 PM: Aumenta o dano em +2d6.+2 PM: Criaturas que sofrem dano ficam cegas.	Cria a imagem de Tormenta 20 para a Magia 'Coluna de Chamas' que é do tipo 'Evocação (Fogo/Luz)', do 3º círculo, com o efeito 'Um cilindro massivo de fogo ruginte e luz branca desce dos céus, incinerando o solo.'. Será utilizada como imagem de fundo para ilustrar uma carta de magia. Sem textos. --ar 4:5
3º	Contato Extraplanar	Adivinhação	O conjurador entra em transe profundo, seus olhos brilham com galáxias enquanto ele ouve vozes de entidades.	Você faz perguntas a uma entidade de outro plano para obter respostas curtas.	+2 PM: Aumenta o número de perguntas que podem ser feitas.	Cria a imagem de Tormenta 20 para a Magia 'Contato Extraplanar' que é do tipo 'Adivinhação', do 3º círculo, com o efeito 'O conjurador entra em transe profundo, seus olhos brilham com galáxias enquanto ele ouve vozes de entidades.'. Será utilizada como imagem de fundo para ilustrar uma carta de magia. Sem textos. --ar 4:5
3º	Controlar a Água	Transmutação (Água)	Ondas colossais obedecem ao movimento das mãos do conjurador, abrindo caminhos ou inundando áreas.	Permite elevar, baixar ou redirecionar grandes corpos de água.	+2 PM: Cria um redemoinho que prende criaturas submersas.	Cria a imagem de Tormenta 20 para a Magia 'Controlar a Água' que é do tipo 'Transmutação (Água)', do 3º círculo, com o efeito 'Ondas colossais obedecem ao movimento das mãos do conjurador, abrindo caminhos ou inundando áreas.'. Será utilizada como imagem de fundo para ilustrar uma carta de magia. Sem textos. --ar 4:5
3º	Convocar Tempestade	Evocação (Ar/Eletricidade)	Nuvens negras se formam em segundos; relâmpagos caem e ventos fortes açoitam o campo de batalha.	Cria uma tempestade que causa dano de eletricidade e impacto a cada rodada.	+3 PM: Aumenta o dano dos raios em +2d10.	Cria a imagem de Tormenta 20 para a Magia 'Convocar Tempestade' que é do tipo 'Evocação (Ar/Eletricidade)', do 3º círculo, com o efeito 'Nuvens negras se formam em segundos; relâmpagos caem e ventos fortes açoitam o campo de batalha.'. Será utilizada como imagem de fundo para ilustrar uma carta de magia. Sem textos. --ar 4:5
3º	Dominar Pessoa	Encantamento (Mental)	Um brilho hipnótico surge nos olhos do alvo, que passa a agir como uma extensão da vontade do mago.	O conjurador estabelece controle mental total sobre um humanoide.	+5 PM: O alvo não percebe que foi dominado após o fim da magia.	Cria a imagem de Tormenta 20 para a Magia 'Dominar Pessoa' que é do tipo 'Encantamento (Mental)', do 3º círculo, com o efeito 'Um brilho hipnótico surge nos olhos do alvo, que passa a agir como uma extensão da vontade do mago.'. Será utilizada como imagem de fundo para ilustrar uma carta de magia. Sem textos. --ar 4:5
3º	Envenenamento	Necromancia (Veneno)	Veias negras saltam na pele do alvo a partir do ponto tocado, enquanto ele tosse uma substância tóxica.	O alvo fica envenenado e sofre dano de veneno por rodada.	+2 PM: O dano de veneno aumenta em +1d12.	Cria a imagem de Tormenta 20 para a Magia 'Envenenamento' que é do tipo 'Necromancia (Veneno)', do 3º círculo, com o efeito 'Veias negras saltam na pele do alvo a partir do ponto tocado, enquanto ele tosse uma substância tóxica.'. Será utilizada como imagem de fundo para ilustrar uma carta de magia. Sem textos. --ar 4:5
3º	Erupção Glacial	Evocação (Gelo)	Estacas de gelo gigantescas rompem o solo com um som de cristal estilhaçando, empalando inimigos.	Causa 10d6 de dano de frio em área e deixa o terreno difícil.	+2 PM: Aumenta o dano em +2d6.+2 PM: Alvos ficam paralisados pelo gelo.	Cria a imagem de Tormenta 20 para a Magia 'Erupção Glacial' que é do tipo 'Evocação (Gelo)', do 3º círculo, com o efeito 'Estacas de gelo gigantescas rompem o solo com um som de cristal estilhaçando, empalando inimigos.'. Será utilizada como imagem de fundo para ilustrar uma carta de magia. Sem textos. --ar 4:5
3º	Falar com os Mortos	Necromancia	O espírito do cadáver manifesta-se como uma névoa pálida e sussurrante acima de seus restos mortais.	Permite fazer perguntas a um cadáver, que responde com o conhecimento que tinha em vida.	+2 PM: O cadáver não pode mentir ou omitir informações.	Cria a imagem de Tormenta 20 para a Magia 'Falar com os Mortos' que é do tipo 'Necromancia', do 3º círculo, com o efeito 'O espírito do cadáver manifesta-se como uma névoa pálida e sussurrante acima de seus restos mortais.'. Será utilizada como imagem de fundo para ilustrar uma carta de magia. Sem textos. --ar 4:5
3º	Heroísmo	Encantamento (Mental)	Uma aura de coragem inabalável e luz dourada envolve o alvo, que se torna imune ao medo.	O alvo recebe bônus massivos em ataques, danos e testes de resistência.	+3 PM: O bônus aumenta para +10.+5 PM: Afeta todos os aliados em alcance curto.	Cria a imagem de Tormenta 20 para a Magia 'Heroísmo' que é do tipo 'Encantamento (Mental)', do 3º círculo, com o efeito 'Uma aura de coragem inabalável e luz dourada envolve o alvo, que se torna imune ao medo.'. Será utilizada como imagem de fundo para ilustrar uma carta de magia. Sem textos. --ar 4:5
3º	Imobilizar Monstro	Encantamento (Mental)	Correntes psíquicas invisíveis travam cada músculo da criatura, deixando-a estátua.	Paralisa qualquer tipo de criatura (não apenas humanoides).	+2 PM: Aumenta o número de alvos afetados.	Cria a imagem de Tormenta 20 para a Magia 'Imobilizar Monstro' que é do tipo 'Encantamento (Mental)', do 3º círculo, com o efeito 'Correntes psíquicas invisíveis travam cada músculo da criatura, deixando-a estátua.'. Será utilizada como imagem de fundo para ilustrar uma carta de magia. Sem textos. --ar 4:5
3º	Invisibilidade Maior	Ilusão	O alvo desaparece completamente; mesmo ao atacar, sua forma continua invisível e indetectável.	Versão superior que não se encerra quando o alvo ataca ou conjura magias.	+5 PM: A duração muda para a cena inteira.	Cria a imagem de Tormenta 20 para a Magia 'Invisibilidade Maior' que é do tipo 'Ilusão', do 3º círculo, com o efeito 'O alvo desaparece completamente; mesmo ao atacar, sua forma continua invisível e indetectável.'. Será utilizada como imagem de fundo para ilustrar uma carta de magia. Sem textos. --ar 4:5
3º	Lendas e Histórias	Adivinhação	Visões do passado fluem na mente do conjurador como se ele estivesse lendo um livro antigo.	Revela informações lendárias ou esquecidas sobre uma pessoa, lugar ou item.	+2 PM: Revela também segredos que o alvo tentou esconder.	Cria a imagem de Tormenta 20 para a Magia 'Lendas e Histórias' que é do tipo 'Adivinhação', do 3º círculo, com o efeito 'Visões do passado fluem na mente do conjurador como se ele estivesse lendo um livro antigo.'. Será utilizada como imagem de fundo para ilustrar uma carta de magia. Sem textos. --ar 4:5
3º	Marionete	Encantamento (Mental)	Fios de energia azulada ligam-se às articulações do alvo, permitindo ao mago mover o corpo dele.	Você controla os movimentos físicos do alvo, forçando-o a atacar ou se mover.	+5 PM: O controle torna-se perfeito, permitindo usar as habilidades do alvo.	Cria a imagem de Tormenta 20 para a Magia 'Marionete' que é do tipo 'Encantamento (Mental)', do 3º círculo, com o efeito 'Fios de energia azulada ligam-se às articulações do alvo, permitindo ao mago mover o corpo dele.'. Será utilizada como imagem de fundo para ilustrar uma carta de magia. Sem textos. --ar 4:5
3º	Metamorfose	Transmutação	Os ossos e a carne do alvo se moldam de forma grotesca até que ele assuma a forma de uma fera.	Transforma uma criatura em um animal de ND igual ou menor ao nível do conjurador.	+5 PM: O alvo assume a forma de um monstro (como uma hidra ou dragão jovem).	Cria a imagem de Tormenta 20 para a Magia 'Metamorfose' que é do tipo 'Transmutação', do 3º círculo, com o efeito 'Os ossos e a carne do alvo se moldam de forma grotesca até que ele assuma a forma de uma fera.'. Será utilizada como imagem de fundo para ilustrar uma carta de magia. Sem textos. --ar 4:5
3º	Muralha de Energia	Abjuração	Uma parede vertical de força pura e cintilante impede qualquer passagem física ou mágica.	Cria uma barreira indestrutível que bloqueia ataques e movimento.	+2 PM: A muralha causa dano de essência em quem encostar nela.	Cria a imagem de Tormenta 20 para a Magia 'Muralha de Energia' que é do tipo 'Abjuração', do 3º círculo, com o efeito 'Uma parede vertical de força pura e cintilante impede qualquer passagem física ou mágica.'. Será utilizada como imagem de fundo para ilustrar uma carta de magia. Sem textos. --ar 4:5
3º	Muralha de Fogo	Evocação (Fogo)	Uma cortina de labaredas ruidosas sobe do chão, emitindo um calor insuportável.	Cria uma parede de fogo que causa dano a quem atravessa ou está perto.	+2 PM: Aumenta o dano em +2d6.+3 PM: A muralha torna-se circular.	Cria a imagem de Tormenta 20 para a Magia 'Muralha de Fogo' que é do tipo 'Evocação (Fogo)', do 3º círculo, com o efeito 'Uma cortina de labaredas ruidosas sobe do chão, emitindo um calor insuportável.'. Será utilizada como imagem de fundo para ilustrar uma carta de magia. Sem textos. --ar 4:5
3º	Muralha de Gelo	Evocação (Gelo)	Um paredão de gelo sólido e translúcido ergue-se, exalando uma névoa gelada.	Cria uma barreira física de gelo que pode ser destruída, mas emite frio intenso.	+2 PM: Se destruída, a muralha explode em estilhaços de gelo.	Cria a imagem de Tormenta 20 para a Magia 'Muralha de Gelo' que é do tipo 'Evocação (Gelo)', do 3º círculo, com o efeito 'Um paredão de gelo sólido e translúcido ergue-se, exalando uma névoa gelada.'. Será utilizada como imagem de fundo para ilustrar uma carta de magia. Sem textos. --ar 4:5
3º	Pele de Pedra	Transmutação (Terra)	A pele do alvo assume a cor e a textura do granito, tornando-se quase impenetrável.	Concede resistência a dano físico (RD 10).	+3 PM: Aumenta a RD para 20.+5 PM: A duração muda para um dia.	Cria a imagem de Tormenta 20 para a Magia 'Pele de Pedra' que é do tipo 'Transmutação (Terra)', do 3º círculo, com o efeito 'A pele do alvo assume a cor e a textura do granito, tornando-se quase impenetrável.'. Será utilizada como imagem de fundo para ilustrar uma carta de magia. Sem textos. --ar 4:5
3º	Reviver os Mortos	Necromancia	Uma alma é puxada de volta do pós-vida enquanto as feridas do corpo se fecham em luz branca.	Traz uma criatura morta de volta à vida (se o corpo estiver íntegro).	+5 PM: Revive mesmo que o corpo tenha sido destruído (precisa de um pedaço).	Cria a imagem de Tormenta 20 para a Magia 'Reviver os Mortos' que é do tipo 'Necromancia', do 3º círculo, com o efeito 'Uma alma é puxada de volta do pós-vida enquanto as feridas do corpo se fecham em luz branca.'. Será utilizada como imagem de fundo para ilustrar uma carta de magia. Sem textos. --ar 4:5
3º	Sopro do Dragão	Evocação (Elemento)	O conjurador incha o peito e exala uma rajada massiva de energia elemental em cone.	Causa 10d6 de dano de um elemento escolhido (Fogo, Gelo, Ácido ou Eletricidade).	+2 PM: Aumenta o dano em +2d6.+5 PM: Muda a área para uma linha de 30 metros.	Cria a imagem de Tormenta 20 para a Magia 'Sopro do Dragão' que é do tipo 'Evocação (Elemento)', do 3º círculo, com o efeito 'O conjurador incha o peito e exala uma rajada massiva de energia elemental em cone.'. Será utilizada como imagem de fundo para ilustrar uma carta de magia. Sem textos. --ar 4:5
3º	Teletransporte	Convocação	Um rasgo no espaço-tempo consome o grupo, que reaparece instantaneamente em outro local.	Transporta você e aliados para um local conhecido a até 100km.	+3 PM: Aumenta o número de passageiros.+5 PM: A distância torna-se ilimitada.	Cria a imagem de Tormenta 20 para a Magia 'Teletransporte' que é do tipo 'Convocação', do 3º círculo, com o efeito 'Um rasgo no espaço-tempo consome o grupo, que reaparece instantaneamente em outro local.'. Será utilizada como imagem de fundo para ilustrar uma carta de magia. Sem textos. --ar 4:5
3º	Visão da Verdade	Adivinhação	Os olhos do alvo tornam-se cristais puros que veem através de todas as mentiras do mundo.	Permite ver através de ilusões, invisibilidade e metamorfos em sua forma real.	+5 PM: A duração muda para um dia.	Cria a imagem de Tormenta 20 para a Magia 'Visão da Verdade' que é do tipo 'Adivinhação', do 3º círculo, com o efeito 'Os olhos do alvo tornam-se cristais puros que veem através de todas as mentiras do mundo.'. Será utilizada como imagem de fundo para ilustrar uma carta de magia. Sem textos. --ar 4:5
4º	Globo de Invulnerabilidade	Abjuração	Uma cúpula de energia cintilante e imóvel envolve o conjurador, repelindo feitiços menores.	Cria uma barreira que anula qualquer magia de 1º ou 2º círculo que tente atravessá-la.	+4 PM: O globo também anula magias de 3º círculo.	Cria a imagem de Tormenta 20 para a Magia 'Globo de Invulnerabilidade' que é do tipo 'Abjuração', do 4º círculo, com o efeito 'Uma cúpula de energia cintilante e imóvel envolve o conjurador, repelindo feitiços menores.'. Será utilizada como imagem de fundo para ilustrar uma carta de magia. Sem textos. --ar 4:5
4º	Muralha Prismática	Abjuração	Uma parede vertical composta por sete camadas de cores vibrantes, cada uma brilhando com um poder letal.	Cria uma barreira de sete cores; cada cor tem um efeito defensivo e causa dano a quem a toca.	+5 PM: A muralha torna-se uma esfera ao redor do conjurador.	Cria a imagem de Tormenta 20 para a Magia 'Muralha Prismática' que é do tipo 'Abjuração', do 4º círculo, com o efeito 'Uma parede vertical composta por sete camadas de cores vibrantes, cada uma brilhando com um poder letal.'. Será utilizada como imagem de fundo para ilustrar uma carta de magia. Sem textos. --ar 4:5
4º	Restauração Maior	Abjuração	Uma luz pura e absoluta penetra o corpo do alvo, desfazendo até as maldições mais antigas.	Remove qualquer efeito negativo, drena de energia, loucura ou penalidades de atributos.	+5 PM: Restaura pontos de experiência perdidos ou níveis drenados.	Cria a imagem de Tormenta 20 para a Magia 'Restauração Maior' que é do tipo 'Abjuração', do 4º círculo, com o efeito 'Uma luz pura e absoluta penetra o corpo do alvo, desfazendo até as maldições mais antigas.'. Será utilizada como imagem de fundo para ilustrar uma carta de magia. Sem textos. --ar 4:5
4º	Conjurar Elemental	Convocação (Elemento)	O ar se rasga e uma entidade colossal feita de fogo, terra, água ou ar manifesta-se no campo.	Invoca um Elemental Grande para lutar sob o seu comando.	+5 PM: Invoca um Elemental Enorme.+10 PM: Invoca um Elemental Colossal.	Cria a imagem de Tormenta 20 para a Magia 'Conjurar Elemental' que é do tipo 'Convocação (Elemento)', do 4º círculo, com o efeito 'O ar se rasga e uma entidade colossal feita de fogo, terra, água ou ar manifesta-se no campo.'. Será utilizada como imagem de fundo para ilustrar uma carta de magia. Sem textos. --ar 4:5
4º	Labirinto	Convocação	O alvo é sugado por uma fenda dimensional e lançado num espaço infinito de corredores de pedra e névoa.	Bane o alvo para um semiplano labiríntico onde ele fica preso até conseguir escapar mentalmente.	+5 PM: O labirinto causa dano psíquico ao alvo a cada rodada.	Cria a imagem de Tormenta 20 para a Magia 'Labirinto' que é do tipo 'Convocação', do 4º círculo, com o efeito 'O alvo é sugado por uma fenda dimensional e lançado num espaço infinito de corredores de pedra e névoa.'. Será utilizada como imagem de fundo para ilustrar uma carta de magia. Sem textos. --ar 4:5
4º	Viagem Planar	Convocação	O tecido da realidade é rasgado como papel, revelando a paisagem de outro plano de existência.	Transporta o grupo para outro plano (como o reino de um deus ou o Plano Astral).	+5 PM: Garante que o grupo apareça exatamente no local desejado sem desvios.	Cria a imagem de Tormenta 20 para a Magia 'Viagem Planar' que é do tipo 'Convocação', do 4º círculo, com o efeito 'O tecido da realidade é rasgado como papel, revelando a paisagem de outro plano de existência.'. Será utilizada como imagem de fundo para ilustrar uma carta de magia. Sem textos. --ar 4:5
4º	Alterar Memória	Encantamento (Mental)	Os olhos do mago tornam-se espelhos turvos enquanto ele sussurra uma nova versão do passado ao ouvido do alvo.	Permite apagar ou reescrever até 5 minutos de memórias recentes do alvo.	+5 PM: Permite alterar memórias de qualquer período da vida do alvo.	Cria a imagem de Tormenta 20 para a Magia 'Alterar Memória' que é do tipo 'Encantamento (Mental)', do 4º círculo, com o efeito 'Os olhos do mago tornam-se espelhos turvos enquanto ele sussurra uma nova versão do passado ao ouvido do alvo.'. Será utilizada como imagem de fundo para ilustrar uma carta de magia. Sem textos. --ar 4:5
4º	Enfraquecer Intelecto	Encantamento (Mental)	Uma descarga de energia roxa atinge a cabeça do alvo, reduzindo a sua mente à de um animal irracional.	Reduz a Inteligência e o Carisma do alvo para 1. O alvo perde a capacidade de falar e conjurar.	+5 PM: O efeito torna-se permanente até ser removido por magia poderosa.	Cria a imagem de Tormenta 20 para a Magia 'Enfraquecer Intelecto' que é do tipo 'Encantamento (Mental)', do 4º círculo, com o efeito 'Uma descarga de energia roxa atinge a cabeça do alvo, reduzindo a sua mente à de um animal irracional.'. Será utilizada como imagem de fundo para ilustrar uma carta de magia. Sem textos. --ar 4:5
4º	Fúria Divina	Encantamento (Mental)	O alvo é possuído por uma sede de sangue sagrada; os seus olhos tornam-se vermelhos e a sua força física explode.	O alvo recebe bônus massivos em ataque e dano, mas não pode usar perícias mentais.	+5 PM: O alvo recebe RD 10 contra todos os danos enquanto estiver em fúria.	Cria a imagem de Tormenta 20 para a Magia 'Fúria Divina' que é do tipo 'Encantamento (Mental)', do 4º círculo, com o efeito 'O alvo é possuído por uma sede de sangue sagrada; os seus olhos tornam-se vermelhos e a sua força física explode.'. Será utilizada como imagem de fundo para ilustrar uma carta de magia. Sem textos. --ar 4:5
4º	Arrasar	Evocação	Uma onda de choque invisível e absoluta emana do conjurador, reduzindo estruturas e inimigos a pó.	Causa 20d6 de dano de impacto em área e ignora a dureza de objetos inanimados.	+5 PM: Aumenta o dano em +10d6.	Cria a imagem de Tormenta 20 para a Magia 'Arrasar' que é do tipo 'Evocação', do 4º círculo, com o efeito 'Uma onda de choque invisível e absoluta emana do conjurador, reduzindo estruturas e inimigos a pó.'. Será utilizada como imagem de fundo para ilustrar uma carta de magia. Sem textos. --ar 4:5
4º	Cólera de Azgher	Evocação (Luz)	Um raio de sol concentrado, vindo diretamente do disco solar, atinge o solo com o calor de um deserto.	Causa dano massivo de fogo e luz em uma coluna vertical; letal contra mortos-vivos.	+5 PM: Inimigos que sobreviverem ao dano ficam cegos permanentemente.	Cria a imagem de Tormenta 20 para a Magia 'Cólera de Azgher' que é do tipo 'Evocação (Luz)', do 4º círculo, com o efeito 'Um raio de sol concentrado, vindo diretamente do disco solar, atinge o solo com o calor de um deserto.'. Será utilizada como imagem de fundo para ilustrar uma carta de magia. Sem textos. --ar 4:5
4º	Luz Cegante	Evocação (Luz)	Uma explosão de luz branca tão intensa que parece sólida emana do conjurador.	Cega todas as criaturas em alcance curto e causa dano radiante.	+2 PM: Aumenta o dano em +2d6.+5 PM: A cegueira não pode ser evitada por testes de resistência.	Cria a imagem de Tormenta 20 para a Magia 'Luz Cegante' que é do tipo 'Evocação (Luz)', do 4º círculo, com o efeito 'Uma explosão de luz branca tão intensa que parece sólida emana do conjurador.'. Será utilizada como imagem de fundo para ilustrar uma carta de magia. Sem textos. --ar 4:5
4º	Palavra Sagrada	Evocação	Uma palavra imbuída do poder da Criação ressoa, punindo aqueles que não pertencem a este plano.	Ensurdece, cega, paralisa ou mata criaturas extraplanares dependendo da sua força.	+5 PM: O alcance da palavra estende-se para médio (30m).	Cria a imagem de Tormenta 20 para a Magia 'Palavra Sagrada' que é do tipo 'Evocação', do 4º círculo, com o efeito 'Uma palavra imbuída do poder da Criação ressoa, punindo aqueles que não pertencem a este plano.'. Será utilizada como imagem de fundo para ilustrar uma carta de magia. Sem textos. --ar 4:5
4º	Projétil de Força	Evocação (Essência)	Uma lança de energia azul-escura e translúcida atravessa o campo de batalha em velocidade supersónica.	Um único ataque que causa dano massivo de essência e empurra o alvo por 9 metros.	+2 PM: Aumenta o dano em +5d6.	Cria a imagem de Tormenta 20 para a Magia 'Projétil de Força' que é do tipo 'Evocação (Essência)', do 4º círculo, com o efeito 'Uma lança de energia azul-escura e translúcida atravessa o campo de batalha em velocidade supersónica.'. Será utilizada como imagem de fundo para ilustrar uma carta de magia. Sem textos. --ar 4:5
4º	Soco de Magat	Evocação (Essência)	Uma mão gigante feita de força translúcida fecha-se em punho e golpeia o alvo do alto.	Causa dano de impacto e esmaga o alvo contra o chão, deixando-o caído e atordoado.	+5 PM: A mão permanece em jogo para continuar a socar o alvo a cada rodada.	Cria a imagem de Tormenta 20 para a Magia 'Soco de Magat' que é do tipo 'Evocação (Essência)', do 4º círculo, com o efeito 'Uma mão gigante feita de força translúcida fecha-se em punho e golpeia o alvo do alto.'. Será utilizada como imagem de fundo para ilustrar uma carta de magia. Sem textos. --ar 4:5
4º	Tempestade Divina	Evocação	O céu abre-se para uma chuva de fogo, gelo ou luz, dependendo da divindade do conjurador.	Causa dano massivo em uma área imensa (cilindro de 15m de raio).	+5 PM: A tempestade dura várias rodadas, causando dano contínuo.	Cria a imagem de Tormenta 20 para a Magia 'Tempestade Divina' que é do tipo 'Evocação', do 4º círculo, com o efeito 'O céu abre-se para uma chuva de fogo, gelo ou luz, dependendo da divindade do conjurador.'. Será utilizada como imagem de fundo para ilustrar uma carta de magia. Sem textos. --ar 4:5
4º	Terremoto	Evocação (Terra)	O solo racha em fendas profundas; o rugido da terra engole construções e criaturas.	Derruba todas as criaturas na área, abre fendas que podem engolir alvos e destrói edifícios.	+5 PM: O tremor é tão forte que causa dano de impacto a cada rodada em que a criatura estiver no chão.	Cria a imagem de Tormenta 20 para a Magia 'Terremoto' que é do tipo 'Evocação (Terra)', do 4º círculo, com o efeito 'O solo racha em fendas profundas; o rugido da terra engole construções e criaturas.'. Será utilizada como imagem de fundo para ilustrar uma carta de magia. Sem textos. --ar 4:5
4º	Assassino Fantasmagórico	Ilusão (Medo)	O medo mais profundo e ancestral do alvo manifesta-se à sua frente, visível apenas para ele.	O alvo deve passar em Vontade ou morre de susto; se passar, sofre dano psíquico.	+2 PM: Aumenta o dano psíquico causado em +2d6.	Cria a imagem de Tormenta 20 para a Magia 'Assassino Fantasmagórico' que é do tipo 'Ilusão (Medo)', do 4º círculo, com o efeito 'O medo mais profundo e ancestral do alvo manifesta-se à sua frente, visível apenas para ele.'. Será utilizada como imagem de fundo para ilustrar uma carta de magia. Sem textos. --ar 4:5
4º	Controlar o Clima	Transmutação	O conjurador ergue os braços e as condições atmosféricas mudam drasticamente em minutos.	Altera a temperatura, precipitação e ventos numa área de vários quilómetros.	+5 PM: As mudanças ocorrem de forma instantânea em vez de levarem minutos.	Cria a imagem de Tormenta 20 para a Magia 'Controlar o Clima' que é do tipo 'Transmutação', do 4º círculo, com o efeito 'O conjurador ergue os braços e as condições atmosféricas mudam drasticamente em minutos.'. Será utilizada como imagem de fundo para ilustrar uma carta de magia. Sem textos. --ar 4:5
4º	Desintegrar	Transmutação	Um raio fino e verde-esmeralda dispara do dedo do mago, desfazendo a matéria em átomos.	Causa 20d6 de dano de essência; se o alvo chegar a 0 PV, vira um monte de cinzas finas.	+5 PM: Aumenta o dano em +10d6.+10 PM: O raio afeta uma linha de 15 metros.	Cria a imagem de Tormenta 20 para a Magia 'Desintegrar' que é do tipo 'Transmutação', do 4º círculo, com o efeito 'Um raio fino e verde-esmeralda dispara do dedo do mago, desfazendo a matéria em átomos.'. Será utilizada como imagem de fundo para ilustrar uma carta de magia. Sem textos. --ar 4:5
5º	Buraco Negro	Evocação (Vácuo)	Uma singularidade de escuridão absoluta surge no ar, sugando luz, matéria e som para um centro devastador.	Causa 20d10 de dano de impacto e vácuo; suga todas as criaturas em alcance longo para o centro.	+5 PM: Aumenta o dano em +5d10.+10 PM: Criaturas que falham na resistência morrem instantaneamente.	Cria a imagem de Tormenta 20 para a Magia 'Buraco Negro' que é do tipo 'Evocação (Vácuo)', do 5º círculo, com o efeito 'Uma singularidade de escuridão absoluta surge no ar, sugando luz, matéria e som para um centro devastador.'. Será utilizada como imagem de fundo para ilustrar uma carta de magia. Sem textos. --ar 4:5
5º	Chuva de Meteoros	Evocação (Fogo/Impacto)	Esferas colossais de rocha incandescente caem do céu, deixando rastros de fumaça e explodindo em colunas de fogo.	Causa 20d6 de fogo e 20d6 de impacto em quatro áreas de 12 metros de raio.	+5 PM: Aumenta o dano de fogo em +5d6 em cada área.	Cria a imagem de Tormenta 20 para a Magia 'Chuva de Meteoros' que é do tipo 'Evocação (Fogo/Impacto)', do 5º círculo, com o efeito 'Esferas colossais de rocha incandescente caem do céu, deixando rastros de fumaça e explodindo em colunas de fogo.'. Será utilizada como imagem de fundo para ilustrar uma carta de magia. Sem textos. --ar 4:5
5º	Desejo	Invocação (Universal)	A realidade treme e se curva à voz do conjurador; o impossível torna-se real em um flash de energia prismática.	Altera a realidade. Pode duplicar qualquer magia de círculo inferior ou criar efeitos únicos narrativos.	Especial: O custo e aprimoramentos dependem da magnitude do pedido feito ao mestre.	Cria a imagem de Tormenta 20 para a Magia 'Desejo' que é do tipo 'Invocação (Universal)', do 5º círculo, com o efeito 'A realidade treme e se curva à voz do conjurador; o impossível torna-se real em um flash de energia prismática.'. Será utilizada como imagem de fundo para ilustrar uma carta de magia. Sem textos. --ar 4:5
5º	Mata-Dragão	Evocação (Essência)	Um feixe concentrado de pura energia arcana, de brilho ofuscante, dispara contra um único alvo com força letal.	Causa 20d12 de dano de essência em um único alvo; ignora qualquer tipo de Redução de Dano.	+5 PM: Se o alvo for reduzido a 0 PV, ele é completamente desintegrado.	Cria a imagem de Tormenta 20 para a Magia 'Mata-Dragão' que é do tipo 'Evocação (Essência)', do 5º círculo, com o efeito 'Um feixe concentrado de pura energia arcana, de brilho ofuscante, dispara contra um único alvo com força letal.'. Será utilizada como imagem de fundo para ilustrar uma carta de magia. Sem textos. --ar 4:5
5º	Parar o Tempo	Transmutação	O mundo fica cinzento e estático; folhas param no ar e chamas congelam enquanto o mago se move livremente.	O tempo para para todos, exceto para o conjurador, que ganha 1d4+1 rodadas extras imediatas.	+10 PM: Você pode afetar outras criaturas voluntárias para agirem com você no tempo parado.	Cria a imagem de Tormenta 20 para a Magia 'Parar o Tempo' que é do tipo 'Transmutação', do 5º círculo, com o efeito 'O mundo fica cinzento e estático; folhas param no ar e chamas congelam enquanto o mago se move livremente.'. Será utilizada como imagem de fundo para ilustrar uma carta de magia. Sem textos. --ar 4:5
5º	Portal	Convocação	Um rasgo permanente é feito no tecido da realidade, criando uma passagem circular estável entre dois pontos do multiverso.	Cria um portal duradouro entre dois planos ou dois locais distantes no mesmo mundo.	+5 PM: O portal torna-se invisível para quem não possuir visão mística.	Cria a imagem de Tormenta 20 para a Magia 'Portal' que é do tipo 'Convocação', do 5º círculo, com o efeito 'Um rasgo permanente é feito no tecido da realidade, criando uma passagem circular estável entre dois pontos do multiverso.'. Será utilizada como imagem de fundo para ilustrar uma carta de magia. Sem textos. --ar 4:5
5º	Possessão	Encantamento (Mental)	A forma física do mago torna-se etérea enquanto sua consciência mergulha no corpo e na mente do alvo.	O conjurador assume o controle total do corpo da vítima, usando suas perícias e poderes.	+5 PM: O corpo físico do conjurador não fica vulnerável, desaparecendo durante a possessão.	Cria a imagem de Tormenta 20 para a Magia 'Possessão' que é do tipo 'Encantamento (Mental)', do 5º círculo, com o efeito 'A forma física do mago torna-se etérea enquanto sua consciência mergulha no corpo e na mente do alvo.'. Será utilizada como imagem de fundo para ilustrar uma carta de magia. Sem textos. --ar 4:5
5º	Projeção Astral	Necromancia	O espírito do conjurador deixa o corpo, manifestando-se como uma forma prateada e etérea ligada por um cordão de luz.	Permite viajar pelo Plano Astral e visitar outros planos de existência sem levar o corpo físico.	+5 PM: Leva até dez aliados voluntários na projeção.	Cria a imagem de Tormenta 20 para a Magia 'Projeção Astral' que é do tipo 'Necromancia', do 5º círculo, com o efeito 'O espírito do conjurador deixa o corpo, manifestando-se como uma forma prateada e etérea ligada por um cordão de luz.'. Será utilizada como imagem de fundo para ilustrar uma carta de magia. Sem textos. --ar 4:5
5º	Ressurreição Verdadeira	Necromancia (Luz)	Uma coluna de luz divina desce do Panteão, reconstruindo o corpo e chamando a alma de volta, mesmo após séculos.	Traz uma criatura de volta à vida com PV e PM cheios, mesmo que não reste nada do corpo original.	+10 PM: O alvo ressurgirá com um bônus permanente de +2 em um atributo à escolha.	Cria a imagem de Tormenta 20 para a Magia 'Ressurreição Verdadeira' que é do tipo 'Necromancia (Luz)', do 5º círculo, com o efeito 'Uma coluna de luz divina desce do Panteão, reconstruindo o corpo e chamando a alma de volta, mesmo após séculos.'. Será utilizada como imagem de fundo para ilustrar uma carta de magia. Sem textos. --ar 4:5
5º	Toque da Morte	Necromancia (Trevas)	No momento do toque, a vida se apaga instantaneamente; o alvo torna-se pálido e frio antes mesmo de atingir o chão.	Se o alvo tiver menos de 100 PV, morre instantaneamente; se tiver mais, sofre 20d12 de dano necrótico.	+5 PM: Se o alvo morrer, ele se levanta na rodada seguinte como um morto-vivo sob seu comando.	Cria a imagem de Tormenta 20 para a Magia 'Toque da Morte' que é do tipo 'Necromancia (Trevas)', do 5º círculo, com o efeito 'No momento do toque, a vida se apaga instantaneamente; o alvo torna-se pálido e frio antes mesmo de atingir o chão.'. Será utilizada como imagem de fundo para ilustrar uma carta de magia. Sem textos. --ar 4:5
5º	Legião	Convocação	Centenas de espíritos guerreiros ou entidades infernais surgem simultaneamente, preenchendo o campo de batalha.	Invoca um exército que ocupa uma área imensa, atacando automaticamente qualquer inimigo dentro dela.	+5 PM: A legião recebe RD 20 contra todos os danos.	Cria a imagem de Tormenta 20 para a Magia 'Legião' que é do tipo 'Convocação', do 5º círculo, com o efeito 'Centenas de espíritos guerreiros ou entidades infernais surgem simultaneamente, preenchendo o campo de batalha.'. Será utilizada como imagem de fundo para ilustrar uma carta de magia. Sem textos. --ar 4:5